{"Position":{"x":-9.042192,"y":8.19187153E-18,"z":-0.184464559},"Rotation":{"x":-9.042192,"y":8.19187153E-18,"z":-0.184464559},"Name":"FirstObject"}